dialogues,task
I want to measure this sample,task_1
I want to measure (polymer)[sample_name] sample,task_1
Collect data for this material,task_1
Collect data for (perovskite)[sample_name] material,task_1
We want to look at this sample to understand its structure,task_1
Can we measure this sample,task_1
Can we measure this material,task_1
I want to measure a (polymer)[sample_name] sample,task_1
Let's collect data for this (polymer)[sample_name] sample,task_1
Exposure time of (8)[exposure_time] seconds,task_1
Time (0.5)[exposure_time] seconds,task_1
(two)[exposure_time] seconds,task_1
I want to measure this (polymer)[sample_name] sample for (ten)[exposure_time] seconds at an incident angle of (0.1)[angle] degree,task_1
Incident angle of (0.5)[angle] degree,task_1
Angle (0.3)[angle],task_1
(0.1)[angle] degree,task_1
Theta of (0.4)[angle],task_1
Collect data for this material. Let us do an exposure time of (10)[exposure_time] seconds and incident angles at (0.1)[angle] and (0.2)[angle] degree,task_1
Let's measure this (perovskite)[sample_name] sample,task_1
We want to look at this (perovskite)[sample_name] to understand its structure. We think (5)[exposure_time] seconds of exposure should be sufficient. Theta of (0.2)[angle] would be good.,task_1
Is it possible to assess this particular specimen?,task_1
I'd like to conduct measurements on this sample.,task_1
Can we gather information for this material?,task_1
Let's obtain data for the (perovskite)[sample_name] material.,task_1
We're interested in examining this sample to gain insights into its structure.,task_1
Could we perform measurements on this particular sample?,task_1
Is it feasible to measure this material?,task_1
The exposure time for this experiment is set at (8)[exposure_time] seconds.,task_1
Let's explore the effects with a time span of (0.5)[exposure_time] seconds.,task_1
We are considering a duration of (two)[exposure_time] seconds for the exposure.,task_1
"For this (polymer)[sample_name] sample, I propose a measurement period of (ten)[exposure_time] seconds.",task_1
The exposure time will be (0.1)[angle] degree for (8)[exposure_time] seconds.,task_1
Let's investigate this sample for (0.5)[angle] degree exposure for (0.3)[exposure_time] seconds.,task_1
I suggest an exposure time of (two)[exposure_time] seconds for this analysis.,task_1
The incident angle for this experiment is (0.5)[angle] degree.,task_1
Let's vary the angle to (0.3)[angle] for this measurement.,task_1
Consider an incident angle of (0.1)[angle] degree for this analysis.,task_1
The theta for this experiment is set at (0.4)[angle].,task_1
"Collect data for this material, exposing it for (10)[exposure_time] seconds with incident angles at (0.1)[angle] and (0.2)[angle] degrees.",task_1
"Explore this (perovskite)[sample_name] sample, adjusting the incident angle to (0.5)[angle] degree.",task_1
We're planning to measure this (polymer)[sample_name] sample with an incident angle of (0.3)[angle].,task_1
"For structure with d spacing of 6, what is the corresponding q in the reciprocal/Fourier space?",task_2
"When we have q peak of 1, what is the d spacing?",task_2
"If q is 1, and the wavelength lambda λ is 1, what is the scattering angle θ in degree? What is the d spacing?",task_2
"For a structure with an interplanar spacing d of 6, what value does the reciprocal/Fourier space scattering vector q correspond to?",task_2
"If there is a peak in the reciprocal space scattering vector q at 1, what is the corresponding interplanar spacing d?",task_2
"Given that q is 1 and the wavelength λ is 1, what is the scattering angle θ in degrees? Additionally, what is the interplanar spacing d?",task_2
"If a material exhibits a spacing between crystal lattice planes d of 6, what does this correspond to in terms of the reciprocal/Fourier space scattering vector q?",task_2
"When the reciprocal space scattering vector q peaks at 1, what does this imply for the interplanar spacing d?",task_2
"Assuming q is 1 and the wavelength λ is 1, what angle θ in degrees corresponds to the scattering event? Additionally, what is the interplanar spacing d?",task_2
